customerID,gender,SeniorCitizen,tenure,PhoneService,InternetService,MonthlyCharges,TotalCharges,Churn
CUST00001,Male,0,2,No,DSL,108.65,221.88,Yes
CUST00002,Female,0,67,Yes,DSL,29.98,1459.31,No
CUST00003,Female,0,30,Yes,DSL,81.26,2350.62,No
CUST00004,Male,0,4,Yes,Fiber optic,67.44,271.68,No
CUST00005,Male,0,40,No,DSL,97.37,4025.04,No
CUST00006,Male,0,29,No,Fiber optic,88.3,2510.84,No
CUST00007,Male,0,6,Yes,DSL,99.29,569.47,Yes
CUST00008,Female,0,35,No,DSL,25.43,1073.73,No
CUST00009,Male,0,30,No,DSL,55.33,1880.15,No
CUST00010,Female,0,3,Yes,No,101.88,279.46,Yes
CUST00011,Female,0,15,No,Fiber optic,78.73,1170.68,Yes
CUST00012,Female,1,58,Yes,No,62.99,3912.08,No
CUST00013,Female,0,58,Yes,No,69.56,3607.89,No
CUST00014,Male,1,28,Yes,Fiber optic,23.88,671.64,Yes
CUST00015,Male,1,30,Yes,No,92.38,2769.54,No
CUST00016,Female,0,7,No,DSL,96.93,703.64,No
CUST00017,Male,0,68,Yes,Fiber optic,45.52,3350.19,No
CUST00018,Female,1,1,Yes,No,73.9,65.06,Yes
CUST00019,Female,0,2,No,DSL,90.99,195.84,Yes
CUST00020,Female,0,49,No,DSL,81.03,4432.4,No
CUST00021,Female,1,43,No,DSL,90.14,3491.31,Yes
CUST00022,Female,0,21,No,Fiber optic,71.46,1318.53,Yes
CUST00023,Female,1,4,Yes,Fiber optic,90.05,323.7,Yes
CUST00024,Female,0,0,Yes,DSL,82.67,,Yes
CUST00025,Male,0,29,Yes,DSL,20.14,768.92,No
CUST00026,Female,0,47,Yes,Fiber optic,53.8,2584.54,Yes
CUST00027,Male,0,6,Yes,DSL,95.81,601.56,Yes
CUST00028,Male,0,6,Yes,DSL,84.22,502.95,No
CUST00029,Male,0,33,Yes,DSL,75.87,2794.37,No
CUST00030,Male,0,48,No,No,65.71,,No
CUST00031,Male,0,45,Yes,DSL,72.03,3382.77,No
CUST00032,Female,0,8,Yes,DSL,79.82,641.94,Yes
CUST00033,Male,1,17,No,Fiber optic,63.98,1238.12,Yes
CUST00034,Male,0,12,No,Fiber optic,80.05,1045.6,No
CUST00035,Male,0,33,Yes,DSL,28.82,1062.32,No
CUST00036,Male,0,65,No,DSL,57.51,3504.93,No
CUST00037,Male,0,30,Yes,Fiber optic,31.12,992.03,No
CUST00038,Female,0,20,Yes,DSL,54.33,1258.84,No
CUST00039,Female,0,10,Yes,Fiber optic,102.69,1120.83,No
CUST00040,Female,0,57,Yes,Fiber optic,71.04,4557.6,No
CUST00041,Male,0,20,Yes,No,69.74,1483.2,No
CUST00042,Male,0,62,No,DSL,41.06,2288.94,No
CUST00043,Male,0,40,No,Fiber optic,83.61,3722.04,Yes
CUST00044,Female,0,6,Yes,No,94.87,559.74,No
CUST00045,Female,0,18,No,No,97.66,1766.45,No
CUST00046,Female,0,17,No,Fiber optic,70.33,1139.49,Yes
CUST00047,Female,0,58,No,Fiber optic,64.91,3364.7,No
CUST00048,Male,0,8,No,Fiber optic,83.8,652.84,Yes
CUST00049,Male,0,15,No,Fiber optic,68.92,1005.71,No
CUST00050,Male,1,30,Yes,DSL,66.91,2013.19,No
CUST00051,Female,0,42,No,No,40.53,1517.56,No
CUST00052,Male,1,68,No,DSL,54.87,3452.44,No
CUST00053,Male,0,58,No,No,84.59,5241.62,No
CUST00054,Male,1,2,No,Fiber optic,89.96,197.45,Yes
CUST00055,Female,0,58,Yes,DSL,42.64,2347.28,No
CUST00056,Female,0,9,No,Fiber optic,70.45,600.02,Yes
CUST00057,Female,0,35,No,DSL,71.48,2202.24,No
CUST00058,Female,1,30,Yes,Fiber optic,81.95,2244.41,No
CUST00059,Male,0,52,No,Fiber optic,40.47,2093.96,Yes
CUST00060,Male,0,48,Yes,DSL,48.85,2136.31,No
CUST00061,Female,0,49,Yes,Fiber optic,20.55,574.07,No
CUST00062,Female,0,9,No,Fiber optic,68.83,657.72,Yes
CUST00063,Female,0,69,Yes,Fiber optic,68.34,5209.81,Yes
CUST00064,Female,0,12,No,DSL,29.72,333.67,No
CUST00065,Female,0,12,No,DSL,38.33,567.83,No
CUST00066,Male,0,41,No,Fiber optic,91.87,3908.21,Yes
CUST00067,Male,1,23,Yes,DSL,68.44,1514.73,No
CUST00068,Male,0,45,No,Fiber optic,66.09,2946.54,No
CUST00069,Male,0,23,No,DSL,97.74,2354.44,No
CUST00070,Male,1,4,No,DSL,91.17,,Yes
CUST00071,Male,0,44,Yes,DSL,30.5,1185.87,No
CUST00072,Female,0,4,Yes,DSL,83.98,341.01,Yes
CUST00073,Female,0,30,No,DSL,72.82,2484.12,No
CUST00074,Female,0,32,No,DSL,91.93,2780.23,No
CUST00075,Male,0,28,Yes,Fiber optic,76.33,,Yes
CUST00076,Female,0,2,Yes,DSL,76.6,160.46,Yes
CUST00077,Male,0,71,No,Fiber optic,89.06,5941.72,No
CUST00078,Male,0,32,Yes,DSL,23.92,929.35,No
CUST00079,Male,0,3,Yes,Fiber optic,97.05,275.26,Yes
CUST00080,Female,0,6,Yes,DSL,71.64,455.0,Yes
CUST00081,Female,0,1,Yes,Fiber optic,72.38,73.77,Yes
CUST00082,Female,0,2,Yes,DSL,76.96,149.2,Yes
CUST00083,Male,0,12,Yes,Fiber optic,96.46,1164.65,No
CUST00084,Male,0,3,Yes,DSL,80.83,250.01,No
CUST00085,Male,0,8,No,DSL,71.17,645.13,No
CUST00086,Male,0,40,Yes,No,82.36,3341.28,No
CUST00087,Male,0,17,No,DSL,53.47,776.43,No
CUST00088,Male,0,26,Yes,DSL,55.88,1293.34,No
CUST00089,Male,0,37,No,Fiber optic,36.19,1412.17,No
CUST00090,Female,0,50,No,DSL,53.65,2523.19,No
CUST00091,Female,0,72,No,Fiber optic,57.6,3531.45,Yes
CUST00092,Female,0,69,No,Fiber optic,77.18,5037.94,No
CUST00093,Female,1,20,No,DSL,70.34,1335.47,No
CUST00094,Female,0,6,No,Fiber optic,106.86,589.4,No
CUST00095,Male,0,8,Yes,Fiber optic,80.97,637.92,Yes
CUST00096,Male,0,28,Yes,DSL,85.17,2124.63,No
CUST00097,Female,1,63,Yes,No,23.7,913.07,No
CUST00098,Female,1,47,No,Fiber optic,91.66,4644.0,No
CUST00099,Female,0,3,No,DSL,91.04,246.89,Yes
CUST00100,Male,0,47,Yes,DSL,66.03,3355.71,No
CUST00101,Male,0,16,No,DSL,59.62,984.69,No
CUST00102,Male,0,3,No,Fiber optic,95.6,280.59,Yes
CUST00103,Female,0,33,Yes,DSL,87.4,2844.68,No
CUST00104,Male,0,33,No,DSL,84.07,2775.28,No
CUST00105,Female,0,9,Yes,No,108.6,,Yes
CUST00106,Male,0,5,No,Fiber optic,95.36,473.95,Yes
CUST00107,Male,0,46,No,DSL,71.5,3014.36,No
CUST00108,Male,0,21,Yes,No,34.29,,No
CUST00109,Male,0,48,Yes,DSL,98.51,4920.82,No
CUST00110,Female,0,1,Yes,Fiber optic,90.43,86.74,Yes
CUST00111,Male,0,57,No,Fiber optic,57.55,3612.55,No
CUST00112,Female,1,48,Yes,Fiber optic,54.01,2849.55,No
CUST00113,Male,0,17,No,DSL,27.9,521.3,No
CUST00114,Female,0,61,No,DSL,42.1,2375.28,No
CUST00115,Male,0,10,No,Fiber optic,103.67,976.66,No
CUST00116,Female,0,38,No,Fiber optic,54.91,2223.3,No
CUST00117,Male,0,5,No,Fiber optic,81.91,425.26,No
CUST00118,Male,0,9,No,No,82.35,737.95,Yes
CUST00119,Male,0,50,No,DSL,52.33,2332.11,No
CUST00120,Male,0,8,Yes,Fiber optic,90.2,773.12,No
CUST00121,Male,0,68,No,DSL,30.67,2327.85,No
CUST00122,Female,0,25,Yes,No,62.4,1658.41,No
CUST00123,Male,1,25,No,Fiber optic,95.05,2165.53,No
CUST00124,Male,0,26,Yes,Fiber optic,75.45,1734.89,No
CUST00125,Male,0,61,Yes,Fiber optic,33.16,1514.31,No
CUST00126,Female,0,68,Yes,Fiber optic,79.97,5677.19,Yes
CUST00127,Male,0,2,No,No,86.06,185.49,No
CUST00128,Male,0,27,No,No,85.44,2450.53,No
CUST00129,Male,0,67,No,No,56.32,3152.17,No
CUST00130,Female,0,15,Yes,No,64.43,1065.5,No
CUST00131,Male,0,9,No,No,102.24,974.09,Yes
CUST00132,Female,0,40,Yes,Fiber optic,59.5,2199.35,No
CUST00133,Female,0,25,No,Fiber optic,38.9,882.61,Yes
CUST00134,Male,0,46,Yes,DSL,37.13,2116.51,No
CUST00135,Female,0,1,No,No,106.85,97.16,Yes
CUST00136,Male,0,49,No,No,66.78,,No
CUST00137,Female,0,30,Yes,Fiber optic,90.78,2697.79,Yes
CUST00138,Female,0,69,No,DSL,56.49,3946.12,No
CUST00139,Male,0,65,No,No,37.7,3081.12,No
CUST00140,Female,0,9,Yes,DSL,75.44,608.53,Yes
CUST00141,Female,1,2,Yes,DSL,67.08,139.31,No
CUST00142,Female,0,6,No,DSL,94.97,,No
CUST00143,Female,0,47,No,Fiber optic,95.2,4416.62,No
CUST00144,Male,1,57,Yes,Fiber optic,26.67,1542.6,Yes
CUST00145,Female,1,50,Yes,DSL,87.79,3925.86,Yes
CUST00146,Male,1,46,Yes,Fiber optic,47.05,2533.39,Yes
CUST00147,Female,0,41,Yes,Fiber optic,65.94,3057.15,No
CUST00148,Male,1,0,Yes,Fiber optic,67.08,,No
CUST00149,Female,1,61,Yes,No,32.37,1994.25,Yes
CUST00150,Female,0,1,No,DSL,75.9,76.08,Yes
CUST00151,Female,0,2,No,DSL,81.56,174.54,Yes
CUST00152,Male,0,17,No,No,55.79,819.29,No
CUST00153,Female,1,3,No,Fiber optic,98.57,287.65,No
CUST00154,Female,0,7,Yes,Fiber optic,94.91,603.42,Yes
CUST00155,Male,0,2,Yes,Fiber optic,82.69,183.5,No
CUST00156,Female,1,3,No,No,83.16,249.5,Yes
CUST00157,Male,0,10,No,Fiber optic,90.19,879.84,Yes
CUST00158,Male,0,4,No,No,104.48,427.63,No
CUST00159,Male,0,0,No,DSL,65.01,,No
CUST00160,Female,1,69,Yes,DSL,69.11,4839.62,Yes
CUST00161,Female,0,7,Yes,DSL,68.94,497.52,No
CUST00162,Male,0,25,Yes,Fiber optic,85.29,2299.01,No
CUST00163,Female,0,57,No,Fiber optic,80.07,4392.37,Yes
CUST00164,Male,0,37,No,Fiber optic,51.04,1649.03,No
CUST00165,Male,0,5,Yes,Fiber optic,108.59,501.53,No
CUST00166,Male,0,51,No,No,59.82,3328.87,No
CUST00167,Female,0,2,No,No,79.19,142.64,Yes
CUST00168,Male,0,12,Yes,Fiber optic,82.08,952.35,Yes
CUST00169,Male,1,43,Yes,Fiber optic,90.98,3898.53,No
CUST00170,Female,0,3,Yes,Fiber optic,63.26,219.6,No
CUST00171,Male,0,72,No,Fiber optic,69.18,4279.79,Yes
CUST00172,Female,0,42,No,Fiber optic,57.02,2586.82,No
CUST00173,Female,0,12,No,DSL,63.63,664.19,No
CUST00174,Male,0,6,No,Fiber optic,74.83,480.96,No
CUST00175,Male,1,41,Yes,Fiber optic,68.36,2573.12,No
CUST00176,Female,0,12,Yes,Fiber optic,94.19,,Yes
CUST00177,Male,0,63,Yes,DSL,59.55,3583.79,No
CUST00178,Female,0,29,Yes,No,53.51,1405.72,No
CUST00179,Female,0,3,Yes,No,72.06,211.4,Yes
CUST00180,Male,0,0,No,Fiber optic,90.88,,Yes
CUST00181,Female,0,1,No,Fiber optic,82.85,73.46,No
CUST00182,Male,0,12,Yes,DSL,59.12,643.45,No
CUST00183,Female,0,63,No,Fiber optic,71.34,5002.62,Yes
CUST00184,Female,1,23,Yes,Fiber optic,39.19,846.19,Yes
CUST00185,Male,0,0,Yes,Fiber optic,82.49,,Yes
CUST00186,Female,0,11,Yes,Fiber optic,89.13,925.63,No
CUST00187,Male,0,9,Yes,Fiber optic,85.34,816.16,Yes
CUST00188,Male,1,22,Yes,DSL,30.39,698.13,No
CUST00189,Male,0,71,Yes,No,60.02,3569.95,No
CUST00190,Male,0,39,Yes,DSL,97.66,4167.05,No
CUST00191,Male,0,42,No,DSL,81.94,3659.45,No
CUST00192,Female,0,35,No,DSL,63.41,2418.51,No
CUST00193,Female,0,33,Yes,DSL,51.16,1825.33,No
CUST00194,Male,0,59,Yes,Fiber optic,86.31,5501.6,No
CUST00195,Female,0,22,Yes,DSL,68.89,1667.74,No
CUST00196,Male,0,7,No,Fiber optic,75.84,482.01,No
CUST00197,Female,1,3,No,DSL,67.21,,No
CUST00198,Male,0,12,Yes,Fiber optic,41.92,488.21,Yes
CUST00199,Male,1,63,Yes,No,29.4,2416.86,No
CUST00200,Male,0,8,Yes,DSL,78.38,689.25,Yes
CUST00201,Male,0,54,No,Fiber optic,97.75,5654.82,No
CUST00202,Female,0,25,No,Fiber optic,75.78,2093.34,No
CUST00203,Female,1,8,No,No,85.3,638.63,Yes
CUST00204,Female,1,6,No,DSL,97.87,,No
CUST00205,Male,0,41,Yes,Fiber optic,49.48,1772.04,No
CUST00206,Male,0,8,Yes,DSL,107.24,922.48,Yes
CUST00207,Female,0,12,No,No,42.17,398.51,No
CUST00208,Male,1,11,Yes,DSL,69.14,711.36,Yes
CUST00209,Male,1,5,No,Fiber optic,65.19,288.2,No
CUST00210,Female,1,52,No,Fiber optic,86.0,4710.27,No
CUST00211,Female,1,19,No,Fiber optic,34.84,814.55,No
CUST00212,Female,0,3,Yes,Fiber optic,60.15,185.6,Yes
CUST00213,Female,1,23,No,Fiber optic,40.59,1081.09,No
CUST00214,Male,0,33,No,Fiber optic,67.78,2376.13,Yes
CUST00215,Male,0,31,No,Fiber optic,85.83,2600.78,No
CUST00216,Male,0,26,Yes,Fiber optic,98.27,2502.49,No
CUST00217,Male,1,9,Yes,DSL,61.75,550.61,No
CUST00218,Male,1,35,No,DSL,90.49,3416.55,No
CUST00219,Female,0,8,No,DSL,102.62,784.79,Yes
CUST00220,Male,1,1,Yes,DSL,104.54,113.86,Yes
CUST00221,Male,0,11,Yes,DSL,78.02,,No
CUST00222,Female,1,72,No,DSL,92.14,6391.54,No
CUST00223,Male,0,1,No,DSL,63.82,62.22,No
CUST00224,Male,1,71,No,Fiber optic,65.72,3998.62,Yes
CUST00225,Male,1,5,No,DSL,62.99,294.08,No
CUST00226,Male,1,7,No,Fiber optic,66.81,532.21,No
CUST00227,Female,0,61,Yes,Fiber optic,60.19,3751.34,No
CUST00228,Female,0,66,Yes,DSL,74.42,5433.32,No
CUST00229,Male,1,32,No,No,81.49,2509.57,Yes
CUST00230,Male,0,2,No,Fiber optic,73.99,143.86,No
CUST00231,Female,0,1,Yes,DSL,84.64,91.54,Yes
CUST00232,Male,0,37,Yes,Fiber optic,68.3,2445.9,No
CUST00233,Female,0,54,Yes,DSL,82.44,4006.64,No
CUST00234,Female,1,3,No,Fiber optic,90.05,251.18,Yes
CUST00235,Female,0,4,No,Fiber optic,65.63,239.49,No
CUST00236,Male,0,11,Yes,No,81.53,995.81,Yes
CUST00237,Female,0,6,Yes,Fiber optic,72.19,490.03,Yes
CUST00238,Female,0,44,No,DSL,32.07,1460.67,No
CUST00239,Male,0,11,Yes,No,108.31,1138.57,Yes
CUST00240,Female,1,38,No,DSL,90.67,3747.82,No
CUST00241,Female,1,2,Yes,DSL,103.95,211.11,No
CUST00242,Male,0,59,No,Fiber optic,80.2,4306.88,No
CUST00243,Female,0,15,Yes,Fiber optic,39.87,569.02,No
CUST00244,Male,0,11,Yes,DSL,89.51,1008.45,No
CUST00245,Male,1,33,Yes,Fiber optic,48.8,1332.28,No
CUST00246,Female,0,62,No,No,43.86,,No
CUST00247,Female,0,9,Yes,Fiber optic,101.8,908.66,No
CUST00248,Female,0,9,No,DSL,107.93,1044.01,Yes
CUST00249,Male,1,64,Yes,Fiber optic,40.89,2723.44,No
CUST00250,Male,0,7,Yes,Fiber optic,65.93,454.63,Yes
CUST00251,Female,1,28,No,DSL,23.19,675.59,No
CUST00252,Female,0,44,No,No,61.92,2751.8,No
CUST00253,Female,1,53,No,No,21.1,1415.29,No
CUST00254,Female,0,45,Yes,Fiber optic,64.39,3036.74,No
CUST00255,Female,0,4,Yes,DSL,102.42,426.22,No
CUST00256,Male,0,6,No,DSL,90.89,581.53,Yes
CUST00257,Male,1,54,Yes,DSL,30.81,,No
CUST00258,Male,1,12,No,Fiber optic,85.0,995.05,No
CUST00259,Female,0,2,Yes,Fiber optic,78.44,164.38,No
CUST00260,Female,0,6,No,DSL,108.81,672.71,No
CUST00261,Male,1,46,Yes,DSL,45.99,2016.18,No
CUST00262,Female,0,33,No,DSL,44.35,1221.41,No
CUST00263,Male,0,35,Yes,Fiber optic,98.64,3132.79,Yes
CUST00264,Male,0,8,Yes,DSL,64.64,483.72,No
CUST00265,Female,0,4,Yes,DSL,101.47,419.86,No
CUST00266,Male,0,60,Yes,Fiber optic,68.71,3917.83,No
CUST00267,Male,0,14,No,Fiber optic,59.66,867.92,No
CUST00268,Male,0,47,Yes,DSL,74.12,3558.47,No
CUST00269,Female,0,36,No,DSL,56.62,1818.96,No
CUST00270,Male,0,11,No,Fiber optic,76.32,921.63,Yes
CUST00271,Male,1,64,Yes,DSL,63.49,3527.85,No
CUST00272,Female,0,45,Yes,Fiber optic,24.74,768.27,Yes
CUST00273,Male,0,50,Yes,Fiber optic,70.59,3550.68,No
CUST00274,Male,0,66,No,DSL,83.35,6045.18,No
CUST00275,Female,0,69,No,Fiber optic,24.48,2012.64,No
CUST00276,Female,1,47,Yes,DSL,43.38,1701.25,Yes
CUST00277,Female,0,21,Yes,No,80.59,1567.87,No
CUST00278,Female,0,37,No,Fiber optic,67.47,2254.71,No
CUST00279,Male,0,17,No,Fiber optic,76.69,1392.95,No
CUST00280,Male,0,8,Yes,No,108.94,937.45,No
CUST00281,Male,0,7,No,Fiber optic,82.64,515.24,No
CUST00282,Male,0,62,No,No,70.84,3797.96,No
CUST00283,Female,0,10,Yes,No,73.63,815.83,Yes
CUST00284,Female,1,18,Yes,Fiber optic,83.75,1344.85,Yes
CUST00285,Male,0,25,Yes,No,92.16,2059.35,No
CUST00286,Male,0,29,No,DSL,55.98,1426.31,No
CUST00287,Female,0,20,Yes,Fiber optic,54.75,960.91,No
CUST00288,Male,1,6,No,DSL,103.04,567.93,No
CUST00289,Male,0,0,No,No,88.03,,No
CUST00290,Male,0,12,Yes,No,90.2,1150.66,No
CUST00291,Male,0,72,No,No,36.39,3328.08,No
CUST00292,Male,0,62,No,Fiber optic,91.2,5343.68,Yes
CUST00293,Male,0,32,No,Fiber optic,25.66,1102.34,No
CUST00294,Male,1,8,No,DSL,69.96,621.65,No
CUST00295,Female,0,8,Yes,DSL,87.49,703.2,Yes
CUST00296,Male,1,56,No,Fiber optic,75.77,,No
CUST00297,Female,0,15,Yes,Fiber optic,93.44,1374.12,No
CUST00298,Male,0,18,No,DSL,93.34,1764.38,No
CUST00299,Male,0,23,Yes,No,41.16,760.82,No
CUST00300,Male,0,7,Yes,No,102.46,750.17,Yes
CUST00301,Female,1,63,Yes,Fiber optic,84.49,5271.68,Yes
CUST00302,Male,0,18,Yes,No,20.1,354.52,No
CUST00303,Female,1,28,Yes,Fiber optic,60.5,1476.05,No
CUST00304,Female,0,45,Yes,DSL,66.59,3360.13,No
CUST00305,Female,0,8,Yes,DSL,98.55,733.84,Yes
CUST00306,Female,0,21,No,Fiber optic,60.21,1191.56,No
CUST00307,Male,0,8,Yes,DSL,108.45,874.55,No
CUST00308,Female,1,7,Yes,DSL,90.11,621.6,Yes
CUST00309,Male,1,23,No,No,61.2,1443.99,No
CUST00310,Female,0,8,Yes,Fiber optic,72.99,620.81,No
CUST00311,Female,0,69,Yes,Fiber optic,29.12,2101.98,No
CUST00312,Male,0,11,No,DSL,80.08,943.27,Yes
CUST00313,Male,1,41,No,DSL,28.96,1319.37,No
CUST00314,Male,1,10,Yes,No,101.96,964.74,Yes
CUST00315,Female,0,52,Yes,DSL,30.59,1205.16,No
CUST00316,Male,1,12,No,No,41.29,463.19,No
CUST00317,Female,0,3,Yes,Fiber optic,73.23,227.37,Yes
CUST00318,Male,0,16,Yes,Fiber optic,48.67,,No
CUST00319,Male,0,4,No,Fiber optic,64.49,284.39,No
CUST00320,Male,0,49,No,No,66.2,3404.32,No
CUST00321,Male,0,50,No,DSL,43.03,2635.77,No
CUST00322,Female,1,10,Yes,Fiber optic,85.47,,No
CUST00323,Male,0,3,No,DSL,103.79,329.75,Yes
CUST00324,Female,0,12,Yes,No,54.15,687.3,No
CUST00325,Male,0,51,Yes,DSL,62.11,3172.79,No
CUST00326,Female,1,10,Yes,DSL,101.27,1111.74,Yes
CUST00327,Male,0,37,Yes,DSL,21.37,857.3,No
CUST00328,Male,0,10,No,Fiber optic,70.41,688.06,Yes
CUST00329,Female,0,61,Yes,DSL,30.49,2147.1,No
CUST00330,Male,1,33,Yes,DSL,46.67,1709.57,No
CUST00331,Male,0,69,Yes,Fiber optic,36.52,2239.42,No
CUST00332,Male,1,6,No,Fiber optic,63.87,440.27,Yes
CUST00333,Female,0,72,Yes,Fiber optic,81.31,6181.09,No
CUST00334,Female,0,25,Yes,DSL,24.93,871.9,No
CUST00335,Male,1,12,Yes,Fiber optic,60.31,812.76,Yes
CUST00336,Female,0,1,Yes,No,82.68,87.93,Yes
CUST00337,Female,0,64,Yes,DSL,64.97,4696.9,No
CUST00338,Female,0,53,No,Fiber optic,39.45,2257.22,Yes
CUST00339,Female,0,44,No,Fiber optic,39.7,1601.63,Yes
CUST00340,Female,0,36,No,Fiber optic,60.96,1971.51,No
CUST00341,Male,0,3,Yes,No,78.7,228.79,Yes
CUST00342,Female,0,1,Yes,DSL,62.7,61.28,No
CUST00343,Male,0,3,Yes,Fiber optic,109.82,349.64,No
CUST00344,Male,0,49,No,No,63.12,2919.13,No
CUST00345,Female,0,5,Yes,DSL,73.41,369.06,No
CUST00346,Male,0,28,Yes,Fiber optic,94.47,2789.43,No
CUST00347,Female,0,63,Yes,No,26.94,1809.67,No
CUST00348,Male,0,7,No,DSL,96.41,676.86,Yes
CUST00349,Female,0,34,No,DSL,35.97,1542.13,No
CUST00350,Male,0,5,Yes,DSL,91.81,490.56,No
CUST00351,Male,0,1,No,No,72.01,81.48,No
CUST00352,Female,0,18,Yes,Fiber optic,50.51,796.81,Yes
CUST00353,Female,0,58,No,No,63.15,4191.47,No
CUST00354,Female,0,5,No,No,89.35,471.06,Yes
CUST00355,Male,0,42,No,No,40.61,2124.64,No
CUST00356,Female,0,29,Yes,No,62.51,,No
CUST00357,Male,0,68,No,DSL,94.38,6178.84,No
CUST00358,Female,0,4,No,Fiber optic,74.29,274.68,Yes
CUST00359,Male,0,4,Yes,DSL,87.52,327.44,Yes
CUST00360,Male,0,6,No,No,72.24,492.52,No
CUST00361,Male,0,12,Yes,DSL,39.4,522.07,No
CUST00362,Female,0,46,No,No,83.9,3953.51,No
CUST00363,Female,0,22,Yes,Fiber optic,66.25,1428.51,No
CUST00364,Female,1,3,Yes,DSL,63.26,195.7,No
CUST00365,Female,0,34,No,Fiber optic,93.34,3001.07,Yes
CUST00366,Male,0,71,No,DSL,28.24,2355.45,No
CUST00367,Female,0,2,No,Fiber optic,62.51,113.29,No
CUST00368,Male,0,65,No,DSL,33.28,1975.23,No
CUST00369,Female,0,45,No,Fiber optic,28.34,1095.47,No
CUST00370,Male,0,4,Yes,Fiber optic,104.83,429.56,Yes
CUST00371,Male,1,4,No,DSL,65.08,277.09,No
CUST00372,Male,0,22,No,DSL,22.48,337.65,No
CUST00373,Female,1,47,Yes,No,94.65,4285.34,No
CUST00374,Male,0,5,Yes,DSL,91.23,476.25,Yes
CUST00375,Female,0,41,Yes,Fiber optic,64.9,3027.71,No
CUST00376,Female,0,8,Yes,Fiber optic,91.33,788.22,Yes
CUST00377,Male,0,10,Yes,DSL,88.47,826.37,No
CUST00378,Female,0,6,Yes,Fiber optic,90.33,525.85,No
CUST00379,Female,0,0,Yes,DSL,61.13,,No
CUST00380,Male,1,7,Yes,No,88.8,582.1,Yes
CUST00381,Male,0,46,No,Fiber optic,83.69,3694.07,Yes
CUST00382,Female,0,19,No,DSL,31.6,687.32,No
CUST00383,Male,1,0,Yes,No,81.78,,Yes
CUST00384,Male,0,63,Yes,Fiber optic,62.63,4042.69,No
CUST00385,Female,1,64,No,Fiber optic,95.42,6741.41,Yes
CUST00386,Female,0,17,Yes,Fiber optic,97.28,1721.26,Yes
CUST00387,Female,0,38,Yes,Fiber optic,99.21,3771.18,Yes
CUST00388,Male,0,4,No,Fiber optic,80.49,333.55,Yes
CUST00389,Male,0,0,Yes,No,81.71,,Yes
CUST00390,Female,0,52,No,DSL,36.76,1765.0,No
CUST00391,Female,0,28,Yes,DSL,71.74,2081.62,No
CUST00392,Female,1,22,Yes,DSL,37.75,754.45,No
CUST00393,Female,0,55,Yes,DSL,40.71,2303.28,No
CUST00394,Male,0,37,Yes,DSL,64.76,2542.98,No
CUST00395,Male,0,12,Yes,DSL,48.94,627.04,No
CUST00396,Female,0,24,No,Fiber optic,46.44,984.97,No
CUST00397,Female,0,6,No,Fiber optic,89.26,566.69,No
CUST00398,Female,0,37,No,DSL,62.79,2256.34,No
CUST00399,Female,0,3,No,DSL,61.24,,No
CUST00400,Female,1,17,Yes,Fiber optic,93.34,1559.09,No
CUST00401,Female,1,8,Yes,DSL,71.83,648.73,No
CUST00402,Female,0,44,Yes,Fiber optic,67.16,2617.68,No
CUST00403,Male,0,11,No,No,97.48,1151.49,Yes
CUST00404,Male,0,32,Yes,No,99.6,3407.96,No
CUST00405,Female,0,10,Yes,Fiber optic,67.66,768.68,No
CUST00406,Female,0,26,No,Fiber optic,99.2,2437.6,No
CUST00407,Male,0,5,Yes,No,67.52,362.84,No
CUST00408,Male,0,32,Yes,DSL,22.15,545.68,No
CUST00409,Female,1,61,No,DSL,59.03,3457.9,No
CUST00410,Female,0,8,Yes,DSL,62.56,462.62,No
CUST00411,Female,0,14,Yes,Fiber optic,40.64,,No
CUST00412,Female,1,9,Yes,Fiber optic,94.75,931.14,No
CUST00413,Female,1,69,No,Fiber optic,67.56,5202.02,Yes
CUST00414,Female,0,49,Yes,DSL,51.53,2513.75,No
CUST00415,Male,0,2,No,DSL,99.2,,Yes
CUST00416,Male,1,12,Yes,No,84.86,1009.65,No
CUST00417,Female,0,1,No,Fiber optic,63.41,71.04,Yes
CUST00418,Male,0,20,No,DSL,72.07,1337.14,No
CUST00419,Female,0,3,Yes,DSL,85.85,228.85,No
CUST00420,Male,0,1,No,Fiber optic,76.08,71.99,Yes
CUST00421,Female,0,3,No,DSL,92.45,249.27,No
CUST00422,Female,1,47,Yes,DSL,97.0,4577.9,Yes
CUST00423,Male,0,9,Yes,Fiber optic,75.66,759.06,No
CUST00424,Male,0,46,No,Fiber optic,32.49,1188.16,No
CUST00425,Female,0,9,No,Fiber optic,78.58,,No
CUST00426,Female,0,17,Yes,DSL,44.91,776.09,No
CUST00427,Male,0,21,No,No,51.27,,No
CUST00428,Female,0,6,No,Fiber optic,62.52,409.37,Yes
CUST00429,Female,0,6,Yes,DSL,63.48,337.3,No
CUST00430,Male,0,0,Yes,Fiber optic,106.7,,No
CUST00431,Female,1,1,Yes,Fiber optic,66.23,56.71,Yes
CUST00432,Female,1,6,Yes,Fiber optic,77.89,432.07,Yes
CUST00433,Male,0,16,No,Fiber optic,49.02,918.3,Yes
CUST00434,Female,1,36,No,No,96.35,3425.47,No
CUST00435,Male,0,10,No,Fiber optic,102.89,1117.97,No
CUST00436,Male,0,55,No,Fiber optic,80.86,4048.35,No
CUST00437,Female,0,3,No,Fiber optic,102.54,305.06,No
CUST00438,Male,0,26,No,Fiber optic,66.86,1944.26,Yes
CUST00439,Female,1,17,Yes,DSL,78.13,1303.05,No
CUST00440,Female,0,3,Yes,No,97.37,269.33,No
CUST00441,Male,0,47,Yes,DSL,28.02,1369.38,No
CUST00442,Female,0,66,Yes,No,98.86,6498.71,No
CUST00443,Male,0,48,No,DSL,59.66,3324.38,No
CUST00444,Male,0,7,Yes,DSL,93.36,678.18,Yes
CUST00445,Female,0,43,Yes,No,80.29,3196.6,No
CUST00446,Female,1,6,No,DSL,71.22,414.7,No
CUST00447,Female,0,11,No,No,76.94,797.88,Yes
CUST00448,Female,1,1,No,DSL,98.86,108.62,Yes
CUST00449,Male,0,2,Yes,DSL,81.86,165.71,Yes
CUST00450,Male,0,9,Yes,Fiber optic,79.7,707.38,Yes
CUST00451,Female,0,24,Yes,Fiber optic,78.28,1948.68,No
CUST00452,Female,0,11,No,Fiber optic,74.53,735.5,No
CUST00453,Male,1,20,No,DSL,33.96,857.89,No
CUST00454,Male,0,40,Yes,DSL,33.23,,No
CUST00455,Male,0,26,Yes,DSL,96.45,2442.89,No
CUST00456,Female,0,28,No,Fiber optic,38.65,1283.9,Yes
CUST00457,Female,0,25,No,Fiber optic,97.39,2249.74,Yes
CUST00458,Male,0,66,No,No,78.21,5084.0,No
CUST00459,Female,0,64,Yes,Fiber optic,95.09,5688.76,No
CUST00460,Male,0,39,Yes,DSL,58.71,1960.69,No
CUST00461,Male,0,29,No,DSL,79.28,2032.62,No
CUST00462,Female,0,46,No,No,96.47,4268.01,No
CUST00463,Male,0,12,No,DSL,98.22,1180.14,No
CUST00464,Male,0,59,Yes,Fiber optic,32.86,1799.46,Yes
CUST00465,Female,0,49,Yes,No,31.47,2029.96,No
CUST00466,Male,0,11,No,Fiber optic,94.88,1085.82,Yes
CUST00467,Male,0,63,No,Fiber optic,28.14,1424.19,No
CUST00468,Female,0,6,No,Fiber optic,79.67,461.71,No
CUST00469,Male,0,69,Yes,DSL,61.13,4811.03,No
CUST00470,Female,0,5,Yes,Fiber optic,68.29,346.18,Yes
CUST00471,Male,0,11,No,No,105.35,,No
CUST00472,Male,1,48,Yes,No,81.81,4404.55,No
CUST00473,Female,0,55,No,DSL,92.63,4717.77,No
CUST00474,Male,0,6,Yes,Fiber optic,93.56,620.66,Yes
CUST00475,Male,1,43,Yes,Fiber optic,83.09,3725.37,No
CUST00476,Female,0,6,Yes,DSL,98.59,648.43,No
CUST00477,Male,0,5,Yes,No,69.26,335.45,No
CUST00478,Male,1,51,Yes,DSL,63.86,,No
CUST00479,Male,0,46,Yes,No,66.52,2650.47,No
CUST00480,Male,1,56,Yes,No,74.06,4325.18,No
CUST00481,Female,1,48,No,DSL,96.27,4337.95,No
CUST00482,Female,0,71,No,DSL,23.44,1535.05,No
CUST00483,Male,0,27,No,Fiber optic,40.24,1159.99,No
CUST00484,Male,0,42,No,Fiber optic,78.92,3577.42,No
CUST00485,Female,0,50,No,Fiber optic,95.18,5107.74,No
CUST00486,Female,0,1,Yes,DSL,99.17,95.2,Yes
CUST00487,Female,0,2,No,DSL,82.86,174.28,Yes
CUST00488,Female,0,5,No,DSL,75.36,379.04,Yes
CUST00489,Male,0,35,Yes,No,93.5,3366.84,No
CUST00490,Male,1,71,Yes,Fiber optic,60.05,4168.65,No
CUST00491,Female,0,72,No,No,54.24,4452.26,No
CUST00492,Male,0,10,No,Fiber optic,66.73,639.65,No
CUST00493,Male,0,33,Yes,No,49.07,1865.73,No
CUST00494,Male,0,23,No,Fiber optic,24.99,580.71,Yes
CUST00495,Female,0,12,Yes,Fiber optic,48.98,505.46,Yes
CUST00496,Male,1,39,No,DSL,48.46,2219.26,No
CUST00497,Male,0,27,Yes,No,92.58,2459.46,No
CUST00498,Female,0,3,Yes,DSL,73.47,203.74,No
CUST00499,Female,0,46,Yes,DSL,93.49,4415.48,No
CUST00500,Male,0,49,Yes,No,55.04,2408.03,No
CUST00501,Male,0,33,Yes,Fiber optic,70.26,2509.56,No
CUST00502,Male,0,3,Yes,Fiber optic,76.32,202.2,Yes
CUST00503,Female,0,15,No,DSL,69.11,890.88,No
CUST00504,Female,0,14,Yes,Fiber optic,28.7,389.18,No
CUST00505,Female,0,34,No,DSL,27.1,784.15,No
CUST00506,Male,0,2,Yes,DSL,83.74,172.01,Yes
CUST00507,Male,0,10,No,DSL,101.72,998.37,Yes
CUST00508,Female,1,1,No,DSL,83.47,93.21,No
CUST00509,Male,0,11,Yes,Fiber optic,78.3,936.99,No
CUST00510,Male,0,19,No,Fiber optic,42.99,748.37,No
CUST00511,Male,0,0,Yes,DSL,93.84,,No
CUST00512,Male,0,50,Yes,Fiber optic,36.53,1578.25,Yes
CUST00513,Male,0,71,No,DSL,41.57,3311.17,No
CUST00514,Male,0,42,No,DSL,84.6,3527.19,No
CUST00515,Male,0,66,No,Fiber optic,75.9,4549.49,No
CUST00516,Male,0,32,No,DSL,24.76,737.08,No
CUST00517,Male,0,53,No,No,68.8,3251.69,No
CUST00518,Male,0,43,Yes,No,49.66,2258.89,No
CUST00519,Male,1,38,Yes,DSL,62.02,2680.24,Yes
CUST00520,Female,0,0,No,DSL,75.35,,No
CUST00521,Male,0,43,Yes,DSL,37.78,1977.77,No
CUST00522,Female,0,12,Yes,DSL,86.05,1084.93,No
CUST00523,Female,0,34,No,Fiber optic,45.98,1632.05,No
CUST00524,Male,0,6,No,Fiber optic,89.36,485.85,Yes
CUST00525,Male,1,11,Yes,DSL,108.2,1094.38,Yes
CUST00526,Female,1,36,No,No,20.57,491.99,No
CUST00527,Female,0,55,No,Fiber optic,47.22,3111.04,No
CUST00528,Female,0,28,Yes,DSL,59.34,1898.22,No
CUST00529,Female,0,68,Yes,Fiber optic,41.68,2265.5,No
CUST00530,Female,0,12,Yes,Fiber optic,33.4,395.66,No
CUST00531,Male,1,36,No,No,47.64,1863.92,No
CUST00532,Female,0,11,No,Fiber optic,69.89,798.03,No
CUST00533,Female,0,12,No,Fiber optic,64.19,703.45,No
CUST00534,Female,0,49,Yes,Fiber optic,47.41,2461.41,No
CUST00535,Male,0,66,Yes,DSL,42.66,2877.26,No
CUST00536,Female,1,29,No,Fiber optic,50.0,1591.54,No
CUST00537,Female,0,55,No,No,42.33,2240.96,No
CUST00538,Female,0,48,No,Fiber optic,46.39,1986.39,Yes
CUST00539,Female,0,64,Yes,DSL,22.11,1735.89,No
CUST00540,Female,0,56,No,DSL,97.18,5767.93,No
CUST00541,Female,1,0,Yes,Fiber optic,102.69,,No
CUST00542,Female,0,55,Yes,Fiber optic,31.75,,No
CUST00543,Male,0,65,Yes,DSL,45.01,2906.27,No
CUST00544,Female,0,68,Yes,Fiber optic,61.41,4258.74,No
CUST00545,Female,0,65,No,Fiber optic,46.5,2373.06,No
CUST00546,Male,1,26,Yes,DSL,63.12,1667.54,No
CUST00547,Male,0,2,No,Fiber optic,92.11,168.83,Yes
CUST00548,Male,0,0,No,DSL,65.08,,No
CUST00549,Male,0,57,Yes,DSL,81.16,4335.27,No
CUST00550,Female,0,7,Yes,DSL,75.91,576.97,Yes
CUST00551,Male,0,20,No,DSL,55.93,941.46,No
CUST00552,Female,0,8,Yes,No,98.43,790.17,Yes
CUST00553,Female,0,7,Yes,Fiber optic,61.72,380.3,No
CUST00554,Male,0,68,No,DSL,27.99,2164.29,No
CUST00555,Male,1,4,Yes,No,67.2,295.82,No
CUST00556,Male,0,6,No,Fiber optic,80.37,450.37,Yes
CUST00557,Male,0,7,No,DSL,68.92,439.93,No
CUST00558,Male,1,58,No,Fiber optic,86.67,5440.39,Yes
CUST00559,Female,0,16,No,DSL,25.35,434.67,No
CUST00560,Male,0,45,Yes,Fiber optic,96.52,3986.5,Yes
CUST00561,Male,0,52,Yes,No,30.8,,No
CUST00562,Male,0,12,Yes,DSL,42.74,416.56,No
CUST00563,Female,0,70,No,DSL,77.74,4800.38,No
CUST00564,Female,0,42,Yes,No,96.49,4234.1,No
CUST00565,Male,0,24,No,No,47.52,1376.9,No
CUST00566,Male,0,7,Yes,DSL,89.84,600.45,No
CUST00567,Male,1,44,No,No,29.56,1021.22,No
CUST00568,Female,0,23,No,DSL,67.89,1648.35,No
CUST00569,Male,0,59,Yes,DSL,31.55,1851.83,No
CUST00570,Female,0,64,Yes,Fiber optic,46.43,3424.56,No
CUST00571,Male,0,62,No,DSL,25.29,,No
CUST00572,Male,0,11,Yes,Fiber optic,84.95,1036.82,Yes
CUST00573,Female,0,3,Yes,Fiber optic,96.35,298.42,Yes
CUST00574,Male,1,57,Yes,Fiber optic,89.27,5252.63,No
CUST00575,Female,0,34,Yes,Fiber optic,77.9,2810.3,Yes
CUST00576,Male,0,32,No,Fiber optic,35.77,1097.02,No
CUST00577,Male,0,4,Yes,DSL,76.01,327.27,Yes
CUST00578,Male,0,6,No,DSL,99.99,632.06,Yes
CUST00579,Male,1,48,Yes,No,22.56,,No
CUST00580,Male,0,28,No,Fiber optic,21.22,869.68,Yes
CUST00581,Female,0,53,No,No,87.25,4231.77,No
CUST00582,Male,0,66,Yes,No,85.66,5870.15,No
CUST00583,Male,1,49,No,Fiber optic,31.79,1480.15,No
CUST00584,Male,0,5,Yes,DSL,92.94,450.46,Yes
CUST00585,Female,1,9,Yes,Fiber optic,76.8,680.41,Yes
CUST00586,Male,0,1,No,Fiber optic,79.77,76.5,Yes
CUST00587,Female,0,45,No,DSL,25.19,822.01,No
CUST00588,Female,1,46,Yes,DSL,71.02,3187.15,No
CUST00589,Male,0,8,Yes,Fiber optic,101.64,889.21,Yes
CUST00590,Male,0,6,No,DSL,100.23,588.2,Yes
CUST00591,Female,0,54,Yes,DSL,45.6,2912.39,No
CUST00592,Male,0,6,Yes,DSL,70.76,434.37,Yes
CUST00593,Male,0,12,No,Fiber optic,60.82,716.38,No
CUST00594,Male,0,1,Yes,DSL,87.77,85.55,Yes
CUST00595,Male,0,10,Yes,Fiber optic,67.08,685.76,No
CUST00596,Female,0,23,No,Fiber optic,64.44,1405.56,No
CUST00597,Female,0,53,Yes,Fiber optic,74.13,3848.82,Yes
CUST00598,Female,1,5,No,DSL,84.68,438.28,Yes
CUST00599,Male,0,32,No,DSL,55.48,1570.64,No
CUST00600,Male,0,30,No,DSL,68.64,2076.61,No
CUST00601,Female,0,69,Yes,DSL,99.36,6264.51,No
CUST00602,Male,0,8,No,DSL,106.95,,No
CUST00603,Male,0,48,No,Fiber optic,31.08,1729.82,No
CUST00604,Male,0,43,Yes,No,47.42,,No
CUST00605,Female,0,12,No,Fiber optic,40.89,510.89,Yes
CUST00606,Female,1,60,No,DSL,76.55,4724.4,No
CUST00607,Female,1,29,Yes,Fiber optic,54.39,1792.88,No
CUST00608,Female,0,55,No,Fiber optic,63.77,3467.63,No
CUST00609,Male,0,9,Yes,No,72.17,715.89,No
CUST00610,Female,0,58,Yes,Fiber optic,32.4,2192.25,No
CUST00611,Female,0,39,No,Fiber optic,75.89,2889.25,No
CUST00612,Male,0,60,Yes,DSL,90.17,5587.57,No
CUST00613,Female,0,23,Yes,Fiber optic,48.51,,No
CUST00614,Male,0,29,No,DSL,75.58,2019.89,No
CUST00615,Male,0,37,No,DSL,89.64,3529.47,No
CUST00616,Female,0,4,No,Fiber optic,74.87,265.77,No
CUST00617,Female,0,65,No,DSL,28.71,1744.88,No
CUST00618,Female,0,64,No,DSL,81.63,5166.46,No
CUST00619,Female,1,14,No,Fiber optic,81.15,1139.39,No
CUST00620,Male,0,58,Yes,DSL,79.56,4614.96,No
CUST00621,Female,0,54,No,DSL,85.91,4452.95,No
CUST00622,Female,1,23,No,Fiber optic,26.65,406.91,No
CUST00623,Female,0,69,No,DSL,98.46,6936.47,No
CUST00624,Female,0,32,No,DSL,21.06,497.47,No
CUST00625,Male,0,12,No,DSL,50.65,518.15,No
CUST00626,Male,0,10,No,No,88.63,883.33,Yes
CUST00627,Male,0,35,Yes,DSL,22.05,,No
CUST00628,Male,0,11,Yes,Fiber optic,91.42,1008.82,No
CUST00629,Female,0,7,Yes,DSL,103.15,741.53,No
CUST00630,Male,0,9,Yes,No,100.56,943.06,No
CUST00631,Male,0,18,No,No,60.59,1156.8,No
CUST00632,Female,0,17,Yes,Fiber optic,79.56,1421.73,Yes
CUST00633,Male,0,21,No,DSL,62.79,1145.58,No
CUST00634,Female,0,5,Yes,Fiber optic,67.99,328.84,No
CUST00635,Male,1,56,No,DSL,29.66,1552.92,No
CUST00636,Male,0,12,No,Fiber optic,72.81,907.74,No
CUST00637,Male,0,13,Yes,Fiber optic,38.4,512.64,Yes
CUST00638,Male,1,19,Yes,Fiber optic,25.26,423.62,No
CUST00639,Male,0,38,No,DSL,52.3,1788.64,No
CUST00640,Female,0,5,No,DSL,79.22,412.38,No
CUST00641,Male,0,26,Yes,No,29.36,882.92,No
CUST00642,Male,0,30,No,DSL,74.44,2504.96,No
CUST00643,Male,1,3,Yes,DSL,63.53,218.13,Yes
CUST00644,Male,0,71,No,DSL,25.63,2308.26,No
CUST00645,Male,0,12,No,Fiber optic,26.04,210.88,No
CUST00646,Male,0,56,No,DSL,54.67,3414.98,No
CUST00647,Male,0,66,Yes,Fiber optic,21.49,1318.9,No
CUST00648,Female,0,39,Yes,DSL,75.05,2740.18,No
CUST00649,Male,0,10,Yes,DSL,99.85,942.98,Yes
CUST00650,Female,0,7,Yes,No,75.26,559.77,No
CUST00651,Male,0,36,No,Fiber optic,82.76,3305.69,Yes
CUST00652,Male,0,55,No,Fiber optic,52.42,2947.35,Yes
CUST00653,Male,0,67,No,No,87.56,6484.99,No
CUST00654,Female,0,46,No,No,40.89,2251.0,No
CUST00655,Male,0,56,No,DSL,34.13,2125.87,No
CUST00656,Female,0,44,Yes,Fiber optic,31.31,1704.98,No
CUST00657,Male,0,12,No,Fiber optic,88.24,953.89,Yes
CUST00658,Male,0,42,Yes,DSL,36.05,1443.26,No
CUST00659,Female,0,54,No,DSL,53.14,3010.27,No
CUST00660,Male,0,20,No,Fiber optic,56.36,1059.13,No
CUST00661,Female,1,6,Yes,DSL,73.44,395.16,Yes
CUST00662,Female,0,12,No,Fiber optic,54.01,661.8,Yes
CUST00663,Male,0,34,Yes,DSL,35.8,930.24,No
CUST00664,Female,0,72,Yes,Fiber optic,67.23,4728.75,Yes
CUST00665,Male,1,16,Yes,Fiber optic,83.34,1270.39,No
CUST00666,Male,1,27,No,DSL,86.72,2114.75,No
CUST00667,Male,0,10,Yes,Fiber optic,67.02,629.72,No
CUST00668,Male,0,4,No,DSL,107.23,441.29,No
CUST00669,Male,0,1,Yes,DSL,79.21,82.0,Yes
CUST00670,Female,1,58,Yes,Fiber optic,66.97,3436.32,Yes
CUST00671,Female,0,51,Yes,Fiber optic,48.01,2485.16,Yes
CUST00672,Male,0,8,No,No,84.08,596.37,No
CUST00673,Female,1,0,No,Fiber optic,70.78,,Yes
CUST00674,Female,0,15,No,DSL,50.93,,No
CUST00675,Male,0,56,Yes,Fiber optic,45.09,2476.35,No
CUST00676,Female,0,46,Yes,DSL,99.04,4743.56,No
CUST00677,Male,0,6,No,DSL,103.39,648.61,Yes
CUST00678,Female,0,12,Yes,Fiber optic,96.58,1039.47,No
CUST00679,Male,1,7,No,DSL,90.36,567.39,Yes
CUST00680,Female,1,42,No,Fiber optic,45.99,1985.02,Yes
CUST00681,Male,0,12,No,DSL,88.59,1150.4,No
CUST00682,Male,0,0,Yes,Fiber optic,104.32,,No
CUST00683,Male,0,2,No,Fiber optic,85.45,166.83,Yes
CUST00684,Female,0,8,No,DSL,85.2,687.69,Yes
CUST00685,Male,1,32,No,DSL,61.11,2041.72,No
CUST00686,Female,0,0,No,DSL,101.19,,Yes
CUST00687,Male,0,19,No,Fiber optic,20.43,478.51,No
CUST00688,Male,0,34,Yes,DSL,97.58,3487.47,No
CUST00689,Female,1,10,Yes,Fiber optic,81.55,813.06,Yes
CUST00690,Male,0,9,No,Fiber optic,97.54,856.68,No
CUST00691,Female,1,70,No,DSL,68.73,5141.02,Yes
CUST00692,Male,0,32,No,No,39.2,1291.83,No
CUST00693,Male,0,59,No,No,62.62,3687.43,No
CUST00694,Male,0,7,No,DSL,96.76,653.78,Yes
CUST00695,Female,0,68,Yes,Fiber optic,40.27,2261.57,No
CUST00696,Female,0,27,No,DSL,33.05,1142.38,No
CUST00697,Female,0,41,Yes,Fiber optic,89.47,3319.63,Yes
CUST00698,Female,0,45,No,Fiber optic,59.99,2508.54,Yes
CUST00699,Female,0,38,No,DSL,48.54,1651.11,No
CUST00700,Female,0,57,Yes,No,43.6,2512.05,No
CUST00701,Male,1,13,Yes,DSL,98.33,1306.46,No
CUST00702,Female,0,7,No,DSL,67.52,497.9,No
CUST00703,Male,1,4,No,Fiber optic,70.92,286.79,Yes
CUST00704,Male,0,9,Yes,DSL,64.75,567.84,No
CUST00705,Female,0,67,No,Fiber optic,33.54,2359.82,Yes
CUST00706,Female,1,2,Yes,No,64.23,141.78,No
CUST00707,Male,0,28,No,No,50.74,1538.95,No
CUST00708,Male,0,39,No,DSL,64.64,2665.51,No
CUST00709,Female,0,55,No,No,78.44,4492.36,No
CUST00710,Female,0,29,Yes,Fiber optic,94.61,2998.71,No
CUST00711,Male,0,25,Yes,No,57.81,1424.63,No
CUST00712,Male,0,34,No,Fiber optic,91.37,,No
CUST00713,Female,0,8,Yes,DSL,90.12,692.26,No
CUST00714,Male,0,53,No,DSL,52.02,2669.06,No
CUST00715,Male,1,55,No,No,32.14,1997.46,No
CUST00716,Male,1,23,Yes,Fiber optic,63.52,1259.58,Yes
CUST00717,Male,0,28,No,Fiber optic,93.14,2470.27,No
CUST00718,Male,0,3,Yes,DSL,96.75,296.31,No
CUST00719,Female,0,5,Yes,Fiber optic,92.48,491.97,No
CUST00720,Female,0,0,Yes,DSL,80.49,,Yes
CUST00721,Female,0,10,No,DSL,101.57,922.24,No
CUST00722,Female,0,66,Yes,DSL,27.84,2200.03,No
CUST00723,Female,0,33,No,Fiber optic,71.47,2680.85,No
CUST00724,Male,0,10,No,DSL,71.22,719.17,Yes
CUST00725,Female,0,0,No,DSL,65.08,,No
CUST00726,Male,0,71,Yes,Fiber optic,73.91,5439.74,No
CUST00727,Male,0,14,No,DSL,91.61,1243.34,No
CUST00728,Female,1,52,Yes,No,41.61,2404.17,Yes
CUST00729,Male,0,11,Yes,DSL,78.7,926.5,Yes
CUST00730,Female,0,1,Yes,Fiber optic,108.63,103.77,Yes
CUST00731,Male,0,24,Yes,Fiber optic,84.81,1907.7,Yes
CUST00732,Male,0,20,No,Fiber optic,32.27,707.57,No
CUST00733,Female,0,62,Yes,Fiber optic,61.05,3482.65,No
CUST00734,Female,0,25,Yes,DSL,31.09,843.01,No
CUST00735,Male,0,36,Yes,DSL,44.16,1646.48,No
CUST00736,Female,0,63,Yes,DSL,34.22,1638.78,No
CUST00737,Female,0,47,Yes,No,93.51,4783.15,No
CUST00738,Male,1,0,No,Fiber optic,99.83,,Yes
CUST00739,Male,0,7,No,Fiber optic,99.19,655.02,Yes
CUST00740,Female,0,64,Yes,Fiber optic,91.55,5357.52,No
CUST00741,Male,1,7,Yes,DSL,78.61,559.54,No
CUST00742,Male,0,22,Yes,DSL,30.95,887.93,No
CUST00743,Female,0,51,Yes,No,39.98,2059.27,No
CUST00744,Male,1,12,Yes,DSL,53.23,556.54,Yes
CUST00745,Female,0,56,No,No,42.33,1973.68,No
CUST00746,Male,0,6,Yes,DSL,78.21,492.42,Yes
CUST00747,Male,0,12,No,DSL,85.27,1004.74,No
CUST00748,Male,0,2,Yes,Fiber optic,60.34,135.81,Yes
CUST00749,Female,0,27,No,DSL,36.42,1077.92,No
CUST00750,Male,0,12,No,DSL,97.92,1155.48,No
CUST00751,Female,0,26,No,DSL,81.2,2301.64,No
CUST00752,Female,1,32,Yes,No,53.29,,Yes
CUST00753,Male,0,61,No,DSL,58.25,3107.36,No
CUST00754,Female,0,19,No,DSL,42.1,747.91,No
CUST00755,Female,0,33,No,No,72.36,2618.03,No
CUST00756,Male,0,50,Yes,Fiber optic,24.98,1223.77,Yes
CUST00757,Female,0,72,Yes,DSL,26.1,1653.08,No
CUST00758,Female,0,28,Yes,DSL,86.27,2401.14,No
CUST00759,Male,1,10,Yes,DSL,68.2,756.56,No
CUST00760,Male,0,57,No,DSL,49.49,2771.67,No
CUST00761,Male,0,36,Yes,Fiber optic,73.46,2545.5,Yes
CUST00762,Female,0,2,Yes,No,85.59,176.42,No
CUST00763,Female,0,12,Yes,Fiber optic,54.53,642.62,Yes
CUST00764,Female,0,48,No,DSL,39.99,2160.49,No
CUST00765,Male,0,70,Yes,DSL,34.52,3015.36,No
CUST00766,Female,0,30,No,Fiber optic,95.48,2566.5,No
CUST00767,Male,0,67,No,DSL,87.67,6186.49,No
CUST00768,Female,0,46,Yes,Fiber optic,82.32,3422.62,No
CUST00769,Female,0,38,No,DSL,62.37,2679.11,No
CUST00770,Female,1,42,Yes,Fiber optic,64.71,2739.64,No
CUST00771,Female,0,4,Yes,Fiber optic,104.13,,Yes
CUST00772,Female,0,64,No,DSL,81.4,5498.19,No
CUST00773,Male,0,2,No,DSL,75.57,158.73,Yes
CUST00774,Male,0,38,No,DSL,95.23,3572.86,No
CUST00775,Male,0,0,Yes,DSL,63.45,,No
CUST00776,Female,0,11,Yes,Fiber optic,73.89,866.8,Yes
CUST00777,Male,0,10,Yes,No,72.92,822.33,Yes
CUST00778,Male,0,22,No,Fiber optic,90.64,1903.05,No
CUST00779,Male,0,12,Yes,Fiber optic,77.62,,Yes
CUST00780,Male,1,40,No,Fiber optic,67.3,2712.76,Yes
CUST00781,Male,0,1,Yes,DSL,74.32,74.86,No
CUST00782,Male,0,58,No,No,48.53,,No
CUST00783,Female,0,7,No,Fiber optic,100.19,753.11,No
CUST00784,Female,1,29,No,Fiber optic,40.71,1438.86,No
CUST00785,Male,0,52,Yes,DSL,74.89,3832.91,No
CUST00786,Male,0,40,Yes,Fiber optic,75.71,2913.86,No
CUST00787,Male,0,30,Yes,DSL,76.52,2530.11,No
CUST00788,Male,0,27,No,Fiber optic,42.38,993.51,No
CUST00789,Female,1,24,Yes,DSL,67.64,1654.63,No
CUST00790,Female,1,3,No,DSL,88.67,256.46,Yes
CUST00791,Male,1,10,Yes,No,64.11,575.47,No
CUST00792,Male,0,4,Yes,Fiber optic,65.74,250.78,No
CUST00793,Female,0,2,No,Fiber optic,76.74,169.71,No
CUST00794,Female,1,5,No,DSL,86.28,456.1,Yes
CUST00795,Female,0,30,Yes,Fiber optic,99.96,2861.79,No
CUST00796,Female,0,25,No,DSL,80.78,1954.4,No
CUST00797,Male,0,8,Yes,Fiber optic,90.29,791.87,Yes
CUST00798,Male,0,6,Yes,Fiber optic,68.76,397.59,Yes
CUST00799,Female,1,19,Yes,Fiber optic,85.78,1564.43,Yes
CUST00800,Male,0,7,Yes,DSL,108.74,775.36,No
CUST00801,Female,1,7,Yes,Fiber optic,90.61,564.98,Yes
CUST00802,Male,0,29,No,DSL,60.05,1774.99,No
CUST00803,Female,1,10,Yes,No,109.69,1144.85,No
CUST00804,Female,0,31,No,DSL,27.91,766.05,No
CUST00805,Female,0,5,No,No,80.16,382.08,Yes
CUST00806,Female,0,29,Yes,DSL,62.98,1928.72,No
CUST00807,Male,0,38,No,Fiber optic,59.22,2349.35,Yes
CUST00808,Male,1,44,Yes,Fiber optic,74.61,3449.7,Yes
CUST00809,Female,0,10,Yes,DSL,72.02,642.93,Yes
CUST00810,Female,0,4,Yes,No,103.0,438.48,Yes
CUST00811,Female,0,57,No,DSL,96.35,5998.3,No
CUST00812,Male,0,0,No,Fiber optic,72.85,,No
CUST00813,Female,0,56,Yes,Fiber optic,88.16,5413.77,No
CUST00814,Female,1,51,Yes,Fiber optic,28.06,1516.87,No
CUST00815,Male,0,68,Yes,DSL,76.14,4802.85,No
CUST00816,Female,0,4,Yes,No,65.55,287.24,No
CUST00817,Female,0,10,No,DSL,62.36,666.0,No
CUST00818,Female,0,9,Yes,DSL,98.12,818.76,No
CUST00819,Male,1,1,No,No,85.85,93.14,Yes
CUST00820,Male,0,39,Yes,DSL,58.96,,No
CUST00821,Male,1,2,No,DSL,97.51,192.76,No
CUST00822,Female,0,16,No,Fiber optic,54.83,944.78,No
CUST00823,Male,0,11,Yes,Fiber optic,62.38,577.94,No
CUST00824,Female,0,41,No,Fiber optic,60.65,2134.96,Yes
CUST00825,Male,0,43,No,Fiber optic,40.31,1985.35,No
CUST00826,Male,0,66,No,No,60.37,3654.87,No
CUST00827,Female,1,15,No,DSL,68.6,993.91,No
CUST00828,Male,0,1,No,Fiber optic,95.01,102.75,No
CUST00829,Male,0,28,Yes,Fiber optic,28.41,718.7,No
CUST00830,Female,0,70,No,No,67.71,4692.22,No
CUST00831,Female,0,57,No,No,87.41,4606.36,No
CUST00832,Male,0,15,No,No,71.47,1051.88,No
CUST00833,Male,0,25,No,DSL,91.9,2337.62,No
CUST00834,Female,1,1,No,DSL,80.2,72.44,Yes
CUST00835,Male,0,15,No,DSL,68.26,1006.04,No
CUST00836,Female,0,2,Yes,DSL,68.08,153.91,No
CUST00837,Male,1,65,Yes,DSL,91.68,5404.43,No
CUST00838,Female,0,6,Yes,Fiber optic,96.04,593.05,Yes
CUST00839,Male,0,19,No,No,26.33,662.52,No
CUST00840,Female,0,5,No,DSL,69.5,337.96,No
CUST00841,Male,0,68,No,DSL,83.05,5253.99,No
CUST00842,Female,0,71,No,Fiber optic,85.64,5807.66,No
CUST00843,Female,0,8,No,DSL,73.0,620.74,No
CUST00844,Female,0,5,Yes,DSL,61.25,325.23,No
CUST00845,Male,0,14,No,Fiber optic,35.32,,Yes
CUST00846,Male,0,22,Yes,Fiber optic,69.59,,No
CUST00847,Male,1,11,Yes,Fiber optic,100.1,1180.71,No
CUST00848,Male,0,3,No,No,88.16,257.06,Yes
CUST00849,Female,0,12,Yes,Fiber optic,81.97,1038.27,No
CUST00850,Female,1,39,Yes,DSL,61.37,2763.27,No
CUST00851,Male,1,67,No,Fiber optic,87.06,5472.7,No
CUST00852,Male,0,12,No,DSL,87.41,971.06,No
CUST00853,Male,0,13,No,No,96.67,1226.9,No
CUST00854,Male,1,43,Yes,DSL,81.02,3603.5,Yes
CUST00855,Male,0,47,No,Fiber optic,72.05,,No
CUST00856,Male,1,61,Yes,No,81.41,4799.64,Yes
CUST00857,Male,0,5,Yes,Fiber optic,108.12,536.28,Yes
CUST00858,Female,0,28,Yes,Fiber optic,54.79,1268.64,No
CUST00859,Male,0,14,No,Fiber optic,88.95,1221.83,No
CUST00860,Female,0,29,Yes,Fiber optic,38.0,1022.45,No
CUST00861,Female,0,55,Yes,DSL,90.87,4882.65,No
CUST00862,Male,0,29,Yes,DSL,21.88,478.98,No
CUST00863,Female,0,44,No,Fiber optic,58.12,2356.74,Yes
CUST00864,Male,0,60,No,No,25.12,1653.38,No
CUST00865,Female,0,22,No,Fiber optic,35.58,802.75,No
CUST00866,Female,0,72,No,DSL,28.46,2523.81,No
CUST00867,Male,0,9,No,Fiber optic,63.05,515.68,No
CUST00868,Female,0,3,Yes,DSL,100.82,303.51,Yes
CUST00869,Female,1,60,No,No,39.99,2687.83,Yes
CUST00870,Female,0,72,No,Fiber optic,30.62,2159.63,No
CUST00871,Male,0,0,No,DSL,83.91,,Yes
CUST00872,Male,0,5,No,Fiber optic,74.7,402.73,Yes
CUST00873,Female,1,5,Yes,No,64.58,294.72,Yes
CUST00874,Male,0,61,No,DSL,93.27,6208.53,No
CUST00875,Female,0,28,Yes,No,30.17,827.41,No
CUST00876,Male,0,24,Yes,DSL,37.02,,No
CUST00877,Female,1,19,Yes,DSL,33.36,713.18,No
CUST00878,Female,0,41,Yes,DSL,38.7,1545.08,No
CUST00879,Male,0,47,Yes,No,50.15,2704.18,No
CUST00880,Male,0,22,No,Fiber optic,23.1,,No
CUST00881,Male,1,31,No,No,78.88,2234.51,Yes
CUST00882,Male,0,36,No,Fiber optic,33.19,1506.54,No
CUST00883,Female,1,53,Yes,DSL,83.41,4302.04,Yes
CUST00884,Female,0,2,Yes,DSL,93.69,190.2,Yes
CUST00885,Male,0,54,No,DSL,42.46,2253.64,No
CUST00886,Male,0,2,No,Fiber optic,62.14,131.98,No
CUST00887,Female,0,28,Yes,No,33.21,1197.36,No
CUST00888,Male,0,31,Yes,DSL,40.17,936.72,No
CUST00889,Male,0,3,Yes,No,60.33,167.21,No
CUST00890,Female,0,9,No,Fiber optic,89.25,889.42,No
CUST00891,Female,0,10,No,DSL,70.96,799.93,Yes
CUST00892,Female,0,7,No,Fiber optic,95.24,629.96,No
CUST00893,Female,0,34,Yes,Fiber optic,24.77,858.51,No
CUST00894,Female,0,38,Yes,No,38.08,1474.94,No
CUST00895,Female,0,1,No,DSL,78.25,83.57,Yes
CUST00896,Female,0,15,Yes,Fiber optic,72.81,1164.38,No
CUST00897,Female,0,42,Yes,DSL,21.86,1318.81,No
CUST00898,Male,1,9,Yes,DSL,81.59,670.33,Yes
CUST00899,Male,0,39,Yes,DSL,98.8,3848.55,No
CUST00900,Female,1,69,Yes,DSL,69.82,5133.23,No
CUST00901,Female,0,8,Yes,Fiber optic,85.33,651.44,Yes
CUST00902,Male,0,46,No,No,69.51,3594.16,No
CUST00903,Female,0,37,Yes,No,57.36,2471.7,No
CUST00904,Male,0,51,Yes,DSL,53.59,2955.52,No
CUST00905,Female,0,14,No,Fiber optic,46.59,720.7,No
CUST00906,Male,0,45,Yes,Fiber optic,85.32,3833.94,No
CUST00907,Male,0,31,No,Fiber optic,39.79,1535.22,No
CUST00908,Female,1,16,No,Fiber optic,98.56,1584.44,No
CUST00909,Male,0,46,No,DSL,49.18,2459.49,No
CUST00910,Male,0,9,No,No,67.75,633.96,No
CUST00911,Male,0,47,Yes,No,67.69,3493.44,No
CUST00912,Male,0,11,No,Fiber optic,101.48,1079.67,Yes
CUST00913,Female,1,3,Yes,DSL,96.19,258.76,No
CUST00914,Female,1,0,Yes,No,64.24,,No
CUST00915,Female,0,60,Yes,DSL,64.24,3390.46,No
CUST00916,Female,0,6,No,No,89.67,580.98,No
CUST00917,Male,0,69,No,Fiber optic,58.89,3663.44,Yes
CUST00918,Male,0,27,Yes,DSL,22.13,399.65,No
CUST00919,Male,0,4,Yes,DSL,70.06,298.34,No
CUST00920,Female,1,5,No,DSL,82.98,369.34,Yes
CUST00921,Female,0,26,No,Fiber optic,89.66,,No
CUST00922,Male,0,48,Yes,Fiber optic,71.77,3683.96,No
CUST00923,Female,1,2,No,Fiber optic,99.39,192.18,Yes
CUST00924,Male,0,44,No,Fiber optic,75.97,2923.44,No
CUST00925,Male,0,6,Yes,Fiber optic,67.33,385.36,Yes
CUST00926,Male,0,0,Yes,Fiber optic,101.73,,No
CUST00927,Male,0,65,Yes,Fiber optic,21.52,1045.12,No
CUST00928,Male,1,12,No,No,98.33,1114.79,Yes
CUST00929,Male,0,65,Yes,Fiber optic,53.62,4082.04,No
CUST00930,Female,0,49,No,No,28.18,1029.97,No
CUST00931,Male,0,21,No,Fiber optic,54.88,984.46,No
CUST00932,Female,0,2,No,DSL,103.57,210.7,No
CUST00933,Male,1,12,No,DSL,67.64,709.04,No
CUST00934,Male,0,7,Yes,Fiber optic,92.63,683.66,No
CUST00935,Male,0,38,Yes,DSL,43.05,1881.49,No
CUST00936,Male,0,20,No,Fiber optic,82.91,1573.87,Yes
CUST00937,Male,1,8,Yes,DSL,102.13,866.23,No
CUST00938,Female,0,29,No,No,35.14,1238.83,No
CUST00939,Male,0,49,Yes,DSL,96.06,4580.99,No
CUST00940,Male,0,22,No,DSL,43.08,926.47,No
CUST00941,Female,0,1,Yes,DSL,80.24,89.95,Yes
CUST00942,Male,0,1,Yes,DSL,63.41,63.35,No
CUST00943,Female,0,13,No,No,40.94,408.31,No
CUST00944,Female,0,8,Yes,DSL,62.65,525.7,No
CUST00945,Male,0,5,No,No,74.8,397.03,Yes
CUST00946,Female,0,9,No,No,61.58,547.84,No
CUST00947,Male,1,49,Yes,DSL,80.78,4137.62,No
CUST00948,Female,0,5,Yes,DSL,85.26,411.03,No
CUST00949,Female,0,14,No,No,46.15,692.3,No
CUST00950,Male,0,71,Yes,DSL,55.07,3318.72,No
CUST00951,Female,0,4,No,Fiber optic,60.04,274.86,No
CUST00952,Male,0,18,No,No,82.71,1463.61,No
CUST00953,Male,0,46,Yes,No,23.36,1088.7,No
CUST00954,Male,0,65,Yes,DSL,34.32,2075.32,No
CUST00955,Female,0,28,No,Fiber optic,80.52,2475.14,No
CUST00956,Male,0,69,Yes,DSL,74.55,,No
CUST00957,Female,0,12,Yes,No,70.99,859.3,No
CUST00958,Male,1,24,Yes,Fiber optic,98.6,2338.19,Yes
CUST00959,Female,1,62,No,Fiber optic,60.74,3682.94,Yes
CUST00960,Female,1,40,No,No,93.02,3574.71,No
CUST00961,Female,0,60,No,DSL,63.42,3916.02,No
CUST00962,Male,0,2,Yes,Fiber optic,93.35,191.78,Yes
CUST00963,Male,0,12,No,DSL,62.63,733.1,No
CUST00964,Male,0,10,Yes,DSL,96.12,1010.7,Yes
CUST00965,Female,0,38,Yes,Fiber optic,20.35,866.77,No
CUST00966,Male,0,33,No,Fiber optic,21.85,460.99,No
CUST00967,Male,1,22,No,DSL,48.68,,No
CUST00968,Male,0,48,Yes,DSL,41.56,2207.92,No
CUST00969,Male,1,8,No,No,92.0,726.93,No
CUST00970,Female,1,63,No,Fiber optic,46.69,2884.75,Yes
CUST00971,Male,0,36,No,Fiber optic,42.22,1616.86,Yes
CUST00972,Female,0,5,Yes,No,76.83,345.24,Yes
CUST00973,Female,0,5,No,DSL,103.82,565.43,Yes
CUST00974,Female,0,67,Yes,DSL,65.39,3743.83,No
CUST00975,Male,0,59,Yes,DSL,80.34,5140.17,No
CUST00976,Female,0,68,Yes,Fiber optic,78.85,5702.08,No
CUST00977,Female,0,19,No,Fiber optic,76.81,1345.7,No
CUST00978,Male,0,14,Yes,Fiber optic,29.59,,No
CUST00979,Male,0,0,Yes,Fiber optic,71.18,,No
CUST00980,Female,0,4,Yes,Fiber optic,109.82,410.46,No
CUST00981,Female,1,49,No,DSL,76.0,4129.9,No
CUST00982,Female,0,26,Yes,Fiber optic,37.56,1203.21,No
CUST00983,Male,0,62,No,DSL,91.11,5882.81,No
CUST00984,Male,0,1,No,DSL,91.04,88.18,No
CUST00985,Female,0,72,Yes,Fiber optic,30.4,,Yes
CUST00986,Male,0,32,Yes,DSL,54.0,1848.37,No
CUST00987,Male,0,6,Yes,Fiber optic,107.22,650.03,No
CUST00988,Female,0,31,Yes,Fiber optic,21.35,563.42,No
CUST00989,Male,0,47,Yes,DSL,44.76,2102.11,No
CUST00990,Male,1,8,Yes,No,70.85,492.4,Yes
CUST00991,Female,0,20,No,Fiber optic,43.17,921.72,Yes
CUST00992,Female,0,61,Yes,DSL,74.48,4919.73,No
CUST00993,Male,0,71,No,No,71.67,5100.06,No
CUST00994,Female,0,23,Yes,Fiber optic,75.07,1508.78,No
CUST00995,Male,0,15,Yes,DSL,23.7,380.91,No
CUST00996,Male,0,63,Yes,DSL,87.27,5208.92,No
CUST00997,Female,1,68,No,DSL,56.62,3183.35,No
CUST00998,Male,0,19,Yes,DSL,59.51,1102.61,No
CUST00999,Male,0,9,No,DSL,67.55,612.83,No
CUST01000,Female,0,2,No,DSL,69.05,136.8,No
